0,0,Supervisor,National Marketing Designer
1,1,Executive,International Branding Designer
2,2,Manager,Human Mobility Agent
3,3,Technician,District Integration Associate
4,4,Agent,District Configuration Orchestrator
5,5,Engineer,Direct Communications Designer
6,6,Supervisor,Future Quality Liaison
7,7,Designer,Customer Program Developer
8,8,Analyst,National Accountability Facilitator
9,9,Facilitator,District Data Associate
10,10,Strategist,Investor Accounts Technician
11,11,Engineer,Dynamic Creative Administrator
12,12,Planner,Dynamic Operations Representative
13,13,Administrator,Internal Configuration Engineer
14,14,Technician,Lead Applications Representative
15,15,Coordinator,Customer Operations Assistant
16,16,Analyst,Customer Solutions Consultant
17,17,Strategist,Human Usability Technician
18,18,Strategist,Human Metrics Supervisor
19,19,Agent,Central Paradigm Producer
20,20,Assistant,National Division Designer
21,21,Designer,Direct Program Officer
22,22,Manager,Direct Infrastructure Engineer
23,23,Administrator,Central Brand Specialist
24,24,Representative,Lead Intranet Associate
25,25,Developer,Lead Response Manager
26,26,Manager,Product Solutions Director
27,27,Technician,District Markets Assistant
28,28,Supervisor,Legacy Markets Manager
29,29,Officer,Future Directives Manager
30,30,Representative,Global Security Orchestrator
31,31,Agent,Product Paradigm Specialist
32,32,Facilitator,Chief Operations Assistant
33,33,Director,Chief Usability Specialist
34,34,Developer,Dynamic Mobility Agent
35,35,Liaison,Investor Tactics Executive
36,36,Agent,Regional Accountability Manager
37,37,Consultant,Legacy Configuration Associate
38,38,Associate,Corporate Functionality Assistant
39,39,Developer,Lead Operations Strategist
40,40,Officer,Senior Configuration Facilitator
41,41,Assistant,Corporate Accountability Technician
42,42,Administrator,Global Accounts Technician
43,43,Liaison,Dynamic Operations Agent
44,44,Administrator,Internal Accounts Officer
45,45,Representative,Forward Communications Analyst
46,46,Planner,Investor Configuration Supervisor
47,47,Planner,Forward Functionality Analyst
48,48,Developer,Principal Integration Liaison
49,49,Orchestrator,Human Data Coordinator
50,50,Coordinator,Regional Functionality Engineer
51,51,Administrator,Chief Tactics Producer
52,52,Technician,National Brand Designer
53,53,Facilitator,Direct Optimization Supervisor
54,54,Orchestrator,Direct Accounts Executive
55,55,Engineer,Dynamic Markets Administrator
56,56,Producer,Corporate Operations Director
57,57,Associate,Corporate Usability Engineer
58,58,Orchestrator,Chief Web Designer
59,59,Manager,Senior Intranet Associate
60,60,Agent,Chief Intranet Developer
61,61,Producer,Corporate Brand Technician
62,62,Specialist,Forward Mobility Facilitator
63,63,Designer,Global Applications Analyst
64,64,Agent,National Integration Orchestrator
65,65,Supervisor,Corporate Marketing Strategist
66,66,Associate,Product Division Specialist
67,67,Assistant,Central Identity Assistant
68,68,Coordinator,Dynamic Factors Strategist
69,69,Planner,Principal Infrastructure Producer
70,70,Director,Global Integration Director
71,71,Coordinator,Direct Marketing Strategist
72,72,Director,Principal Solutions Technician
73,73,Developer,International Markets Technician
74,74,Analyst,Dynamic Marketing Planner
75,75,Officer,Lead Markets Strategist
76,76,Designer,Principal Interactions Assistant
77,77,Engineer,Product Data Director
78,78,Executive,Future Factors Executive
79,79,Developer,International Group Coordinator
80,80,Agent,Senior Metrics Liaison
81,81,Architect,District Mobility Manager
82,82,Planner,Internal Implementation Architect
83,83,Assistant,National Functionality Consultant
84,84,Coordinator,Investor Security Director
85,85,Coordinator,Principal Brand Specialist
86,86,Consultant,Chief Creative Developer
87,87,Consultant,National Response Architect
88,88,Representative,Forward Data Strategist
89,89,Manager,Product Group Officer
90,90,Technician,Legacy Configuration Supervisor
91,91,Assistant,Principal Intranet Officer
92,92,Developer,Product Creative Administrator
93,93,Liaison,Chief Configuration Architect
94,94,Strategist,Global Web Coordinator
95,95,Technician,Customer Identity Executive
96,96,Developer,Internal Configuration Facilitator
97,97,Technician,Dynamic Assurance Officer
98,98,Liaison,National Mobility Developer
99,99,Developer,Investor Group Representative
100,100,Strategist,Forward Usability Executive
101,101,Coordinator,National Communications Facilitator
102,102,Officer,Human Communications Technician
103,103,Facilitator,Direct Brand Associate
104,104,Coordinator,Human Accountability Technician
105,105,Specialist,Legacy Markets Manager
106,106,Director,Product Program Director
107,107,Analyst,Product Integration Technician
108,108,Developer,Customer Research Agent
109,109,Agent,Customer Configuration Assistant
110,110,Consultant,Customer Data Coordinator
111,111,Supervisor,Global Directives Technician
112,112,Director,Global Integration Supervisor
113,113,Orchestrator,Customer Identity Executive
114,114,Analyst,Dynamic Identity Facilitator
115,115,Administrator,Human Operations Agent
116,116,Officer,Regional Solutions Strategist
117,117,Engineer,Legacy Quality Orchestrator
118,118,Director,Corporate Communications Executive
119,119,Designer,Regional Research Agent
120,120,Supervisor,Chief Web Planner
121,121,Engineer,Global Web Supervisor
122,122,Assistant,Dynamic Infrastructure Agent
123,123,Developer,Future Web Analyst
124,124,Assistant,National Interactions Designer
125,125,Specialist,Principal Quality Manager
126,126,Officer,Central Functionality Developer
127,127,Assistant,Investor Group Consultant
128,128,Planner,Global Branding Director
129,129,Executive,Legacy Infrastructure Director
130,130,Developer,Product Configuration Engineer
131,131,Architect,Investor Tactics Technician
132,132,Liaison,Chief Markets Assistant
133,133,Officer,Forward Research Administrator
134,134,Liaison,Direct Metrics Coordinator
135,135,Orchestrator,Global Factors Facilitator
136,136,Strategist,Principal Assurance Associate
137,137,Representative,Dynamic Response Orchestrator
138,138,Assistant,Customer Data Developer
139,139,Analyst,Regional Group Developer
140,140,Planner,Internal Web Producer
141,141,Producer,Forward Directives Administrator
142,142,Consultant,Dynamic Web Executive
143,143,Strategist,Dynamic Security Executive
144,144,Supervisor,Direct Division Strategist
145,145,Manager,Product Interactions Liaison
146,146,Representative,Direct Configuration Producer
147,147,Agent,National Data Planner
148,148,Associate,Human Usability Manager
149,149,Supervisor,Senior Data Analyst
150,150,Administrator,Global Accounts Administrator
151,151,Coordinator,Customer Branding Administrator
152,152,Strategist,Forward Research Planner
153,153,Executive,National Marketing Agent
154,154,Consultant,Dynamic Directives Agent
155,155,Manager,Global Mobility Planner
156,156,Administrator,Customer Implementation Director
157,157,Producer,Product Quality Supervisor
158,158,Supervisor,Central Applications Director
159,159,Director,National Implementation Officer
160,160,Representative,Human Creative Executive
161,161,Engineer,Forward Branding Strategist
162,162,Manager,Direct Accountability Supervisor
163,163,Liaison,Human Brand Planner
164,164,Executive,Dynamic Configuration Executive
165,165,Coordinator,Lead Branding Technician
166,166,Architect,District Group Assistant
167,167,Planner,Regional Identity Assistant
168,168,Engineer,Product Factors Consultant
169,169,Technician,Customer Markets Consultant
170,170,Specialist,Dynamic Operations Manager
171,171,Representative,Customer Tactics Manager
172,172,Assistant,Central Program Designer
173,173,Director,Dynamic Accountability Designer
174,174,Associate,Dynamic Creative Representative
175,175,Facilitator,Lead Integration Director
176,176,Planner,Direct Data Officer
177,177,Administrator,District Markets Liaison
178,178,Orchestrator,Principal Tactics Strategist
179,179,Developer,Customer Accounts Producer
180,180,Representative,Chief Research Agent
181,181,Facilitator,Internal Configuration Officer
182,182,Liaison,National Intranet Planner
183,183,Assistant,National Functionality Director
184,184,Representative,Future Mobility Orchestrator
185,185,Orchestrator,Product Web Strategist
186,186,Developer,Lead Markets Liaison
187,187,Architect,National Data Engineer
188,188,Specialist,International Research Officer
189,189,Coordinator,Corporate Solutions Orchestrator
190,190,Developer,Global Accounts Analyst
191,191,Analyst,Internal Directives Developer
192,192,Producer,Principal Data Liaison
193,193,Agent,Dynamic Optimization Consultant
194,194,Developer,Forward Research Developer
195,195,Officer,Chief Directives Agent
196,196,Agent,Corporate Optimization Representative
197,197,Associate,Legacy Creative Executive
198,198,Strategist,Global Tactics Executive
199,199,Consultant,Forward Division Planner
